player_name,date,prop_type,line,actual_result,hit,odds,sport
Josh Allen,2025-05-30,passing_yards,240.5,303.6,True,-105,NFL
Josh Allen,2025-06-06,passing_yards,266.1,277.7,False,-115,NFL
Josh Allen,2025-06-13,passing_yards,276.7,289.1,False,105,NFL
Josh Allen,2025-06-20,passing_yards,243.7,253.2,True,-110,NFL
Josh Allen,2025-06-27,passing_yards,288.3,294.2,True,100,NFL
Josh Allen,2025-07-04,passing_yards,278.7,280.6,True,-105,NFL
Josh Allen,2025-07-11,passing_yards,270.2,272.8,True,105,NFL
Josh Allen,2025-07-18,passing_yards,252.4,272.2,False,-120,NFL
Josh Allen,2025-07-25,passing_yards,266.7,271.9,True,-110,NFL
Josh Allen,2025-08-01,passing_yards,238.3,370.2,False,-120,NFL
Josh Allen,2025-08-08,passing_yards,289.5,334.1,True,100,NFL
Josh Allen,2025-08-15,passing_yards,268.7,273.2,False,-110,NFL
Josh Allen,2025-08-22,passing_yards,265.4,369.8,False,-115,NFL
Josh Allen,2025-08-29,passing_yards,229.5,245.6,True,-120,NFL
Josh Allen,2025-09-05,passing_yards,274.6,269.1,True,100,NFL
Josh Allen,2025-09-12,passing_yards,265.8,284.2,True,100,NFL
Josh Allen,2025-09-19,passing_yards,267.4,272.8,True,-120,NFL
Josh Allen,2025-09-26,passing_yards,286.6,303.7,True,105,NFL
Josh Allen,2025-10-03,passing_yards,274.3,289.8,True,100,NFL
Josh Allen,2025-10-10,passing_yards,270.3,281.1,True,100,NFL
Josh Allen,2025-10-17,passing_yards,276.2,277.6,True,100,NFL
Josh Allen,2025-10-24,passing_yards,239.5,254.2,True,-105,NFL
Josh Allen,2025-10-31,passing_yards,254.8,273.7,True,100,NFL
Josh Allen,2025-11-07,passing_yards,272.3,275.2,True,105,NFL
Josh Allen,2025-11-14,passing_yards,280.4,340.6,True,-105,NFL
Josh Allen,2025-11-21,passing_yards,283.5,331.0,False,100,NFL
Josh Allen,2025-11-28,passing_yards,285.5,289.7,True,105,NFL
Josh Allen,2025-12-05,passing_yards,270.0,334.2,True,-120,NFL
Josh Allen,2025-12-12,passing_yards,253.2,282.6,True,-110,NFL
Josh Allen,2025-12-19,passing_yards,239.2,350.9,True,105,NFL
Patrick Mahomes,2025-05-30,passing_yards,274.5,277.4,True,-105,NFL
Patrick Mahomes,2025-06-06,passing_yards,232.2,341.1,True,-120,NFL
Patrick Mahomes,2025-06-13,passing_yards,255.0,288.4,True,-105,NFL
Patrick Mahomes,2025-06-20,passing_yards,263.6,309.4,False,100,NFL
Patrick Mahomes,2025-06-27,passing_yards,299.1,221.2,False,-115,NFL
Patrick Mahomes,2025-07-04,passing_yards,274.9,292.7,False,-105,NFL
Patrick Mahomes,2025-07-11,passing_yards,274.1,262.2,True,100,NFL
Patrick Mahomes,2025-07-18,passing_yards,277.5,329.2,True,-115,NFL
Patrick Mahomes,2025-07-25,passing_yards,234.4,244.8,False,105,NFL
Patrick Mahomes,2025-08-01,passing_yards,225.2,291.8,True,105,NFL
Patrick Mahomes,2025-08-08,passing_yards,272.6,272.2,True,-120,NFL
Patrick Mahomes,2025-08-15,passing_yards,232.6,356.7,True,-115,NFL
Patrick Mahomes,2025-08-22,passing_yards,251.2,267.7,True,-105,NFL
Patrick Mahomes,2025-08-29,passing_yards,235.3,255.1,False,-120,NFL
Patrick Mahomes,2025-09-05,passing_yards,243.7,253.3,True,105,NFL
Patrick Mahomes,2025-09-12,passing_yards,251.7,266.1,False,-105,NFL
Patrick Mahomes,2025-09-19,passing_yards,289.2,274.8,True,-120,NFL
Patrick Mahomes,2025-09-26,passing_yards,272.8,309.0,True,100,NFL
Patrick Mahomes,2025-10-03,passing_yards,282.5,296.7,True,-115,NFL
Patrick Mahomes,2025-10-10,passing_yards,267.5,275.2,True,-120,NFL
Patrick Mahomes,2025-10-17,passing_yards,282.1,294.3,False,100,NFL
Patrick Mahomes,2025-10-24,passing_yards,229.6,266.0,False,105,NFL
Patrick Mahomes,2025-10-31,passing_yards,285.8,293.3,False,-105,NFL
Patrick Mahomes,2025-11-07,passing_yards,260.5,255.4,False,-105,NFL
Patrick Mahomes,2025-11-14,passing_yards,231.9,269.3,True,-110,NFL
Patrick Mahomes,2025-11-21,passing_yards,238.3,239.4,False,-115,NFL
Patrick Mahomes,2025-11-28,passing_yards,265.4,334.4,True,100,NFL
Patrick Mahomes,2025-12-05,passing_yards,278.3,363.5,True,100,NFL
Patrick Mahomes,2025-12-12,passing_yards,238.2,238.9,True,100,NFL
Patrick Mahomes,2025-12-19,passing_yards,273.9,293.5,True,-120,NFL
Stefon Diggs,2025-05-30,receiving_yards,83.2,107.6,False,-105,NFL
Stefon Diggs,2025-06-06,receiving_yards,87.5,96.8,False,-120,NFL
Stefon Diggs,2025-06-13,receiving_yards,63.8,95.7,True,-120,NFL
Stefon Diggs,2025-06-20,receiving_yards,87.8,59.3,True,-115,NFL
Stefon Diggs,2025-06-27,receiving_yards,76.9,79.1,True,100,NFL
Stefon Diggs,2025-07-04,receiving_yards,88.0,100.8,True,-110,NFL
Stefon Diggs,2025-07-11,receiving_yards,87.8,104.6,False,-105,NFL
Stefon Diggs,2025-07-18,receiving_yards,68.9,59.1,False,-115,NFL
Stefon Diggs,2025-07-25,receiving_yards,87.7,95.3,True,-115,NFL
Stefon Diggs,2025-08-01,receiving_yards,61.6,124.9,True,100,NFL
Stefon Diggs,2025-08-08,receiving_yards,82.9,75.6,True,-115,NFL
Stefon Diggs,2025-08-15,receiving_yards,89.3,132.9,True,100,NFL
Stefon Diggs,2025-08-22,receiving_yards,71.9,67.4,True,-120,NFL
Stefon Diggs,2025-08-29,receiving_yards,79.2,97.5,True,-110,NFL
Stefon Diggs,2025-09-05,receiving_yards,69.3,72.1,False,105,NFL
Stefon Diggs,2025-09-12,receiving_yards,71.9,85.6,True,105,NFL
Stefon Diggs,2025-09-19,receiving_yards,67.8,76.4,True,100,NFL
Stefon Diggs,2025-09-26,receiving_yards,71.1,126.1,False,-110,NFL
Stefon Diggs,2025-10-03,receiving_yards,86.0,121.6,True,-115,NFL
Stefon Diggs,2025-10-10,receiving_yards,75.3,90.7,False,-115,NFL
Stefon Diggs,2025-10-17,receiving_yards,88.7,116.1,False,-120,NFL
Stefon Diggs,2025-10-24,receiving_yards,75.8,77.4,True,100,NFL
Stefon Diggs,2025-10-31,receiving_yards,70.1,113.7,True,-105,NFL
Stefon Diggs,2025-11-07,receiving_yards,72.9,133.9,True,105,NFL
Stefon Diggs,2025-11-14,receiving_yards,66.9,102.1,True,-105,NFL
Stefon Diggs,2025-11-21,receiving_yards,89.9,97.6,True,-110,NFL
Stefon Diggs,2025-11-28,receiving_yards,78.3,91.8,False,100,NFL
Stefon Diggs,2025-12-05,receiving_yards,81.1,131.6,True,-110,NFL
Stefon Diggs,2025-12-12,receiving_yards,81.3,51.9,True,-115,NFL
Stefon Diggs,2025-12-19,receiving_yards,65.3,117.4,True,-120,NFL
Travis Kelce,2025-05-30,receiving_yards,63.5,54.6,False,105,NFL
Travis Kelce,2025-06-06,receiving_yards,67.0,132.5,True,-110,NFL
Travis Kelce,2025-06-13,receiving_yards,76.3,102.1,True,-120,NFL
Travis Kelce,2025-06-20,receiving_yards,76.4,95.2,True,-120,NFL
Travis Kelce,2025-06-27,receiving_yards,87.0,139.6,False,100,NFL
Travis Kelce,2025-07-04,receiving_yards,71.4,74.5,True,-120,NFL
Travis Kelce,2025-07-11,receiving_yards,68.1,84.4,False,105,NFL
Travis Kelce,2025-07-18,receiving_yards,87.5,45.2,False,-105,NFL
Travis Kelce,2025-07-25,receiving_yards,69.3,83.8,True,105,NFL
Travis Kelce,2025-08-01,receiving_yards,89.3,112.5,False,-120,NFL
Travis Kelce,2025-08-08,receiving_yards,63.7,133.4,True,105,NFL
Travis Kelce,2025-08-15,receiving_yards,61.4,61.0,False,100,NFL
Travis Kelce,2025-08-22,receiving_yards,61.0,126.1,False,100,NFL
Travis Kelce,2025-08-29,receiving_yards,74.3,127.5,True,-110,NFL
Travis Kelce,2025-09-05,receiving_yards,75.7,85.6,True,-120,NFL
Travis Kelce,2025-09-12,receiving_yards,62.1,81.9,False,-120,NFL
Travis Kelce,2025-09-19,receiving_yards,60.6,79.2,True,100,NFL
Travis Kelce,2025-09-26,receiving_yards,86.3,81.6,True,-105,NFL
Travis Kelce,2025-10-03,receiving_yards,83.6,88.8,True,-110,NFL
Travis Kelce,2025-10-10,receiving_yards,74.7,92.1,False,100,NFL
Travis Kelce,2025-10-17,receiving_yards,67.2,67.9,False,-120,NFL
Travis Kelce,2025-10-24,receiving_yards,62.6,112.1,True,-110,NFL
Travis Kelce,2025-10-31,receiving_yards,78.2,96.2,True,105,NFL
Travis Kelce,2025-11-07,receiving_yards,62.4,48.3,True,100,NFL
Travis Kelce,2025-11-14,receiving_yards,87.2,94.5,False,100,NFL
Travis Kelce,2025-11-21,receiving_yards,69.4,121.2,True,-110,NFL
Travis Kelce,2025-11-28,receiving_yards,71.8,98.5,False,-105,NFL
Travis Kelce,2025-12-05,receiving_yards,85.0,90.0,True,-115,NFL
Travis Kelce,2025-12-12,receiving_yards,85.9,95.6,False,-110,NFL
Travis Kelce,2025-12-19,receiving_yards,68.3,75.3,True,-105,NFL
Christian McCaffrey,2025-05-30,rushing_yards,79.8,88.1,True,-115,NFL
Christian McCaffrey,2025-06-06,rushing_yards,77.6,96.7,False,105,NFL
Christian McCaffrey,2025-06-13,rushing_yards,100.3,108.7,False,-105,NFL
Christian McCaffrey,2025-06-20,rushing_yards,90.3,85.4,True,-110,NFL
Christian McCaffrey,2025-06-27,rushing_yards,88.1,179.4,False,-120,NFL
Christian McCaffrey,2025-07-04,rushing_yards,81.2,158.6,True,100,NFL
Christian McCaffrey,2025-07-11,rushing_yards,77.7,74.6,True,-115,NFL
Christian McCaffrey,2025-07-18,rushing_yards,106.0,169.7,False,-120,NFL
Christian McCaffrey,2025-07-25,rushing_yards,108.4,107.4,False,-110,NFL
Christian McCaffrey,2025-08-01,rushing_yards,113.0,120.7,False,-115,NFL
Christian McCaffrey,2025-08-08,rushing_yards,112.4,121.3,False,-110,NFL
Christian McCaffrey,2025-08-15,rushing_yards,92.6,153.1,False,-105,NFL
Christian McCaffrey,2025-08-22,rushing_yards,107.1,61.2,True,-120,NFL
Christian McCaffrey,2025-08-29,rushing_yards,79.0,109.1,True,-110,NFL
Christian McCaffrey,2025-09-05,rushing_yards,77.8,91.8,True,-110,NFL
Christian McCaffrey,2025-09-12,rushing_yards,95.9,115.2,True,-115,NFL
Christian McCaffrey,2025-09-19,rushing_yards,99.0,137.9,False,-115,NFL
Christian McCaffrey,2025-09-26,rushing_yards,96.2,105.4,True,105,NFL
Christian McCaffrey,2025-10-03,rushing_yards,77.2,137.3,False,-110,NFL
Christian McCaffrey,2025-10-10,rushing_yards,85.3,126.8,False,-110,NFL
Christian McCaffrey,2025-10-17,rushing_yards,111.3,114.5,False,-105,NFL
Christian McCaffrey,2025-10-24,rushing_yards,75.7,125.9,True,105,NFL
Christian McCaffrey,2025-10-31,rushing_yards,81.1,78.2,False,-120,NFL
Christian McCaffrey,2025-11-07,rushing_yards,115.9,164.7,True,105,NFL
Christian McCaffrey,2025-11-14,rushing_yards,80.5,100.1,True,-120,NFL
Christian McCaffrey,2025-11-21,rushing_yards,86.5,174.7,False,100,NFL
Christian McCaffrey,2025-11-28,rushing_yards,77.3,87.1,True,-110,NFL
Christian McCaffrey,2025-12-05,rushing_yards,90.3,164.9,True,-110,NFL
Christian McCaffrey,2025-12-12,rushing_yards,104.7,137.1,False,-105,NFL
Christian McCaffrey,2025-12-19,rushing_yards,94.9,102.4,True,-110,NFL
Lamar Jackson,2025-05-30,passing_yards,258.0,286.4,True,100,NFL
Lamar Jackson,2025-06-06,passing_yards,298.9,318.9,True,-110,NFL
Lamar Jackson,2025-06-13,passing_yards,298.2,224.8,False,100,NFL
Lamar Jackson,2025-06-20,passing_yards,284.4,280.4,True,105,NFL
Lamar Jackson,2025-06-27,passing_yards,278.0,296.3,True,105,NFL
Lamar Jackson,2025-07-04,passing_yards,225.2,231.3,True,100,NFL
Lamar Jackson,2025-07-11,passing_yards,230.4,245.7,True,100,NFL
Lamar Jackson,2025-07-18,passing_yards,233.8,250.7,False,-120,NFL
Lamar Jackson,2025-07-25,passing_yards,288.5,354.2,True,100,NFL
Lamar Jackson,2025-08-01,passing_yards,296.3,303.6,False,-105,NFL
Lamar Jackson,2025-08-08,passing_yards,299.7,361.5,False,-115,NFL
Lamar Jackson,2025-08-15,passing_yards,248.4,330.2,True,105,NFL
Lamar Jackson,2025-08-22,passing_yards,226.8,253.3,True,-105,NFL
Lamar Jackson,2025-08-29,passing_yards,296.1,298.9,False,-115,NFL
Lamar Jackson,2025-09-05,passing_yards,288.9,366.1,False,-115,NFL
Lamar Jackson,2025-09-12,passing_yards,230.7,284.6,False,100,NFL
Lamar Jackson,2025-09-19,passing_yards,267.1,239.8,False,-105,NFL
Lamar Jackson,2025-09-26,passing_yards,281.9,339.5,True,105,NFL
Lamar Jackson,2025-10-03,passing_yards,246.9,228.1,True,105,NFL
Lamar Jackson,2025-10-10,passing_yards,247.3,284.5,True,100,NFL
Lamar Jackson,2025-10-17,passing_yards,231.9,300.6,False,-105,NFL
Lamar Jackson,2025-10-24,passing_yards,259.9,375.9,True,100,NFL
Lamar Jackson,2025-10-31,passing_yards,253.5,310.3,True,105,NFL
Lamar Jackson,2025-11-07,passing_yards,234.3,268.0,True,-110,NFL
Lamar Jackson,2025-11-14,passing_yards,286.8,290.5,True,-110,NFL
Lamar Jackson,2025-11-21,passing_yards,229.8,219.9,True,-115,NFL
Lamar Jackson,2025-11-28,passing_yards,280.5,219.8,False,-120,NFL
Lamar Jackson,2025-12-05,passing_yards,263.5,373.6,True,-115,NFL
Lamar Jackson,2025-12-12,passing_yards,242.1,258.0,False,100,NFL
Lamar Jackson,2025-12-19,passing_yards,254.0,281.6,True,-105,NFL
Derrick Henry,2025-05-30,rushing_yards,107.6,109.3,False,-105,NFL
Derrick Henry,2025-06-06,rushing_yards,82.3,93.1,False,100,NFL
Derrick Henry,2025-06-13,rushing_yards,94.6,136.1,False,-105,NFL
Derrick Henry,2025-06-20,rushing_yards,86.5,103.5,True,-115,NFL
Derrick Henry,2025-06-27,rushing_yards,89.2,124.1,True,-105,NFL
Derrick Henry,2025-07-04,rushing_yards,105.4,107.3,False,-110,NFL
Derrick Henry,2025-07-11,rushing_yards,112.0,134.1,True,105,NFL
Derrick Henry,2025-07-18,rushing_yards,102.0,127.0,False,-115,NFL
Derrick Henry,2025-07-25,rushing_yards,89.6,125.2,False,-120,NFL
Derrick Henry,2025-08-01,rushing_yards,102.1,159.0,False,105,NFL
Derrick Henry,2025-08-08,rushing_yards,78.4,177.7,True,105,NFL
Derrick Henry,2025-08-15,rushing_yards,109.5,97.8,True,-105,NFL
Derrick Henry,2025-08-22,rushing_yards,85.8,99.1,False,-105,NFL
Derrick Henry,2025-08-29,rushing_yards,87.3,74.7,True,-115,NFL
Derrick Henry,2025-09-05,rushing_yards,80.2,135.4,True,105,NFL
Derrick Henry,2025-09-12,rushing_yards,94.4,104.9,True,-105,NFL
Derrick Henry,2025-09-19,rushing_yards,88.5,92.6,False,-105,NFL
Derrick Henry,2025-09-26,rushing_yards,106.2,162.8,False,100,NFL
Derrick Henry,2025-10-03,rushing_yards,116.3,117.5,False,-110,NFL
Derrick Henry,2025-10-10,rushing_yards,90.3,160.6,True,-115,NFL
Derrick Henry,2025-10-17,rushing_yards,100.7,109.0,False,-115,NFL
Derrick Henry,2025-10-24,rushing_yards,94.3,98.8,False,100,NFL
Derrick Henry,2025-10-31,rushing_yards,78.9,164.4,True,-115,NFL
Derrick Henry,2025-11-07,rushing_yards,100.8,172.4,True,-105,NFL
Derrick Henry,2025-11-14,rushing_yards,115.8,109.3,False,-115,NFL
Derrick Henry,2025-11-21,rushing_yards,81.9,129.7,False,-105,NFL
Derrick Henry,2025-11-28,rushing_yards,84.1,130.2,False,105,NFL
Derrick Henry,2025-12-05,rushing_yards,84.5,101.8,False,-115,NFL
Derrick Henry,2025-12-12,rushing_yards,85.3,169.0,True,100,NFL
Derrick Henry,2025-12-19,rushing_yards,94.2,174.9,True,-105,NFL
Tyreek Hill,2025-05-30,receiving_yards,89.9,97.1,True,105,NFL
Tyreek Hill,2025-06-06,receiving_yards,79.3,99.9,True,-115,NFL
Tyreek Hill,2025-06-13,receiving_yards,82.3,92.8,False,100,NFL
Tyreek Hill,2025-06-20,receiving_yards,76.5,139.5,False,105,NFL
Tyreek Hill,2025-06-27,receiving_yards,68.6,56.7,True,100,NFL
Tyreek Hill,2025-07-04,receiving_yards,78.3,138.5,False,-115,NFL
Tyreek Hill,2025-07-11,receiving_yards,83.0,134.8,False,-120,NFL
Tyreek Hill,2025-07-18,receiving_yards,61.1,73.3,True,-120,NFL
Tyreek Hill,2025-07-25,receiving_yards,67.5,73.3,True,105,NFL
Tyreek Hill,2025-08-01,receiving_yards,60.5,102.3,True,105,NFL
Tyreek Hill,2025-08-08,receiving_yards,67.3,99.4,True,105,NFL
Tyreek Hill,2025-08-15,receiving_yards,73.5,79.3,False,-105,NFL
Tyreek Hill,2025-08-22,receiving_yards,77.7,113.6,False,100,NFL
Tyreek Hill,2025-08-29,receiving_yards,78.2,79.2,False,105,NFL
Tyreek Hill,2025-09-05,receiving_yards,74.7,103.5,True,-110,NFL
Tyreek Hill,2025-09-12,receiving_yards,70.7,126.9,True,-105,NFL
Tyreek Hill,2025-09-19,receiving_yards,76.7,98.4,False,-105,NFL
Tyreek Hill,2025-09-26,receiving_yards,69.6,139.1,False,-110,NFL
Tyreek Hill,2025-10-03,receiving_yards,77.1,84.2,False,105,NFL
Tyreek Hill,2025-10-10,receiving_yards,71.2,86.0,False,105,NFL
Tyreek Hill,2025-10-17,receiving_yards,78.0,81.8,False,-110,NFL
Tyreek Hill,2025-10-24,receiving_yards,75.0,60.1,True,-110,NFL
Tyreek Hill,2025-10-31,receiving_yards,69.9,70.1,True,105,NFL
Tyreek Hill,2025-11-07,receiving_yards,84.3,80.9,False,-120,NFL
Tyreek Hill,2025-11-14,receiving_yards,79.1,95.8,False,-120,NFL
Tyreek Hill,2025-11-21,receiving_yards,87.1,91.8,True,-115,NFL
Tyreek Hill,2025-11-28,receiving_yards,68.3,123.0,True,100,NFL
Tyreek Hill,2025-12-05,receiving_yards,88.0,99.8,False,-110,NFL
Tyreek Hill,2025-12-12,receiving_yards,70.3,82.2,True,105,NFL
Tyreek Hill,2025-12-19,receiving_yards,89.1,102.8,True,-120,NFL
Cooper Kupp,2025-05-30,receptions,7.5,7.5,True,-115,NFL
Cooper Kupp,2025-06-06,receptions,6.8,11.1,True,100,NFL
Cooper Kupp,2025-06-13,receptions,7.3,8.0,True,-115,NFL
Cooper Kupp,2025-06-20,receptions,7.0,12.1,False,-120,NFL
Cooper Kupp,2025-06-27,receptions,7.0,13.1,False,-105,NFL
Cooper Kupp,2025-07-04,receptions,5.5,7.5,False,-115,NFL
Cooper Kupp,2025-07-11,receptions,8.2,6.8,True,-105,NFL
Cooper Kupp,2025-07-18,receptions,8.2,8.3,True,-120,NFL
Cooper Kupp,2025-07-25,receptions,8.2,10.9,False,-110,NFL
Cooper Kupp,2025-08-01,receptions,7.8,11.6,True,-120,NFL
Cooper Kupp,2025-08-08,receptions,5.8,19.0,True,-115,NFL
Cooper Kupp,2025-08-15,receptions,8.5,12.0,True,-105,NFL
Cooper Kupp,2025-08-22,receptions,8.5,8.8,True,100,NFL
Cooper Kupp,2025-08-29,receptions,8.5,5.9,False,-110,NFL
Cooper Kupp,2025-09-05,receptions,7.9,2.0,False,-120,NFL
Cooper Kupp,2025-09-12,receptions,6.1,9.1,False,-115,NFL
Cooper Kupp,2025-09-19,receptions,7.0,10.8,True,100,NFL
Cooper Kupp,2025-09-26,receptions,5.6,2.8,True,105,NFL
Cooper Kupp,2025-10-03,receptions,5.7,18.1,True,-105,NFL
Cooper Kupp,2025-10-10,receptions,6.0,17.8,True,-105,NFL
Cooper Kupp,2025-10-17,receptions,7.1,13.1,True,100,NFL
Cooper Kupp,2025-10-24,receptions,7.4,21.6,False,-110,NFL
Cooper Kupp,2025-10-31,receptions,5.7,9.8,False,-120,NFL
Cooper Kupp,2025-11-07,receptions,5.6,4.5,True,-115,NFL
Cooper Kupp,2025-11-14,receptions,7.7,11.6,False,-110,NFL
Cooper Kupp,2025-11-21,receptions,7.7,3.5,False,100,NFL
Cooper Kupp,2025-11-28,receptions,6.0,4.4,True,100,NFL
Cooper Kupp,2025-12-05,receptions,7.9,7.3,False,-110,NFL
Cooper Kupp,2025-12-12,receptions,8.0,-6.7,True,-115,NFL
Cooper Kupp,2025-12-19,receptions,7.1,0.7,True,-120,NFL
Justin Jefferson,2025-05-30,receptions,6.0,11.0,True,105,NFL
Justin Jefferson,2025-06-06,receptions,7.8,5.9,False,105,NFL
Justin Jefferson,2025-06-13,receptions,6.3,11.4,True,105,NFL
Justin Jefferson,2025-06-20,receptions,8.0,11.0,True,-105,NFL
Justin Jefferson,2025-06-27,receptions,6.8,3.5,True,100,NFL
Justin Jefferson,2025-07-04,receptions,7.9,8.6,True,100,NFL
Justin Jefferson,2025-07-11,receptions,6.4,4.7,False,-105,NFL
Justin Jefferson,2025-07-18,receptions,5.8,11.0,False,100,NFL
Justin Jefferson,2025-07-25,receptions,8.3,20.8,True,-105,NFL
Justin Jefferson,2025-08-01,receptions,7.8,23.7,True,105,NFL
Justin Jefferson,2025-08-08,receptions,7.2,9.6,True,-105,NFL
Justin Jefferson,2025-08-15,receptions,8.3,19.5,True,-120,NFL
Justin Jefferson,2025-08-22,receptions,6.6,7.6,True,-105,NFL
Justin Jefferson,2025-08-29,receptions,6.2,8.8,True,-115,NFL
Justin Jefferson,2025-09-05,receptions,7.1,11.8,True,-105,NFL
Justin Jefferson,2025-09-12,receptions,7.6,22.5,False,105,NFL
Justin Jefferson,2025-09-19,receptions,6.2,25.8,False,-120,NFL
Justin Jefferson,2025-09-26,receptions,6.3,10.7,True,100,NFL
Justin Jefferson,2025-10-03,receptions,6.9,16.5,True,-120,NFL
Justin Jefferson,2025-10-10,receptions,7.4,14.6,False,-105,NFL
Justin Jefferson,2025-10-17,receptions,6.2,11.4,True,100,NFL
Justin Jefferson,2025-10-24,receptions,5.8,10.6,False,-105,NFL
Justin Jefferson,2025-10-31,receptions,6.6,10.9,False,-110,NFL
Justin Jefferson,2025-11-07,receptions,6.5,7.7,True,-115,NFL
Justin Jefferson,2025-11-14,receptions,6.9,4.1,True,-105,NFL
Justin Jefferson,2025-11-21,receptions,8.2,19.1,False,100,NFL
Justin Jefferson,2025-11-28,receptions,7.0,22.4,True,-105,NFL
Justin Jefferson,2025-12-05,receptions,8.1,9.2,True,-120,NFL
Justin Jefferson,2025-12-12,receptions,5.9,25.7,False,-110,NFL
Justin Jefferson,2025-12-19,receptions,8.4,11.7,True,100,NFL
Aaron Rodgers,2025-05-30,passing_yards,280.2,292.6,True,-120,NFL
Aaron Rodgers,2025-06-06,passing_yards,247.1,342.4,False,-120,NFL
Aaron Rodgers,2025-06-13,passing_yards,249.9,256.8,False,100,NFL
Aaron Rodgers,2025-06-20,passing_yards,269.9,305.4,True,-105,NFL
Aaron Rodgers,2025-06-27,passing_yards,234.3,318.5,False,100,NFL
Aaron Rodgers,2025-07-04,passing_yards,242.9,262.1,True,100,NFL
Aaron Rodgers,2025-07-11,passing_yards,291.8,360.4,True,105,NFL
Aaron Rodgers,2025-07-18,passing_yards,297.0,308.2,True,105,NFL
Aaron Rodgers,2025-07-25,passing_yards,260.8,268.6,True,100,NFL
Aaron Rodgers,2025-08-01,passing_yards,297.6,309.7,True,-110,NFL
Aaron Rodgers,2025-08-08,passing_yards,259.9,353.0,True,-120,NFL
Aaron Rodgers,2025-08-15,passing_yards,248.0,348.3,True,-115,NFL
Aaron Rodgers,2025-08-22,passing_yards,285.2,293.7,True,-105,NFL
Aaron Rodgers,2025-08-29,passing_yards,271.0,278.6,True,-110,NFL
Aaron Rodgers,2025-09-05,passing_yards,259.6,372.4,False,-110,NFL
Aaron Rodgers,2025-09-12,passing_yards,259.2,268.6,True,-120,NFL
Aaron Rodgers,2025-09-19,passing_yards,268.1,316.2,True,-105,NFL
Aaron Rodgers,2025-09-26,passing_yards,265.7,256.1,False,-115,NFL
Aaron Rodgers,2025-10-03,passing_yards,233.3,249.9,True,100,NFL
Aaron Rodgers,2025-10-10,passing_yards,292.2,310.6,True,-120,NFL
Aaron Rodgers,2025-10-17,passing_yards,229.8,236.5,True,-105,NFL
Aaron Rodgers,2025-10-24,passing_yards,284.4,190.8,True,105,NFL
Aaron Rodgers,2025-10-31,passing_yards,277.2,280.0,False,-105,NFL
Aaron Rodgers,2025-11-07,passing_yards,265.3,274.5,False,-115,NFL
Aaron Rodgers,2025-11-14,passing_yards,279.3,352.3,True,-120,NFL
Aaron Rodgers,2025-11-21,passing_yards,271.8,283.2,False,-105,NFL
Aaron Rodgers,2025-11-28,passing_yards,247.7,294.5,False,-120,NFL
Aaron Rodgers,2025-12-05,passing_yards,291.6,302.7,True,105,NFL
Aaron Rodgers,2025-12-12,passing_yards,271.3,281.1,False,105,NFL
Aaron Rodgers,2025-12-19,passing_yards,272.0,290.2,True,100,NFL
Davante Adams,2025-05-30,receptions,7.7,8.1,True,100,NFL
Davante Adams,2025-06-06,receptions,7.5,7.6,False,105,NFL
Davante Adams,2025-06-13,receptions,6.4,16.1,True,-115,NFL
Davante Adams,2025-06-20,receptions,6.3,16.0,True,-115,NFL
Davante Adams,2025-06-27,receptions,8.1,15.8,False,105,NFL
Davante Adams,2025-07-04,receptions,7.2,8.0,True,-105,NFL
Davante Adams,2025-07-11,receptions,5.9,6.2,False,-105,NFL
Davante Adams,2025-07-18,receptions,6.8,8.5,False,-105,NFL
Davante Adams,2025-07-25,receptions,7.2,26.3,True,100,NFL
Davante Adams,2025-08-01,receptions,8.0,24.7,True,100,NFL
Davante Adams,2025-08-08,receptions,6.2,8.3,True,105,NFL
Davante Adams,2025-08-15,receptions,7.2,25.9,True,-105,NFL
Davante Adams,2025-08-22,receptions,6.3,9.0,True,-105,NFL
Davante Adams,2025-08-29,receptions,6.2,6.5,False,105,NFL
Davante Adams,2025-09-05,receptions,6.7,9.7,True,-120,NFL
Davante Adams,2025-09-12,receptions,6.9,5.9,True,105,NFL
Davante Adams,2025-09-19,receptions,7.9,7.8,False,-115,NFL
Davante Adams,2025-09-26,receptions,7.8,18.7,True,-115,NFL
Davante Adams,2025-10-03,receptions,7.1,10.4,False,-105,NFL
Davante Adams,2025-10-10,receptions,6.8,8.4,True,105,NFL
Davante Adams,2025-10-17,receptions,6.2,7.4,True,100,NFL
Davante Adams,2025-10-24,receptions,7.5,11.5,False,100,NFL
Davante Adams,2025-10-31,receptions,7.2,9.9,False,100,NFL
Davante Adams,2025-11-07,receptions,6.2,8.9,False,105,NFL
Davante Adams,2025-11-14,receptions,7.0,19.7,False,-110,NFL
Davante Adams,2025-11-21,receptions,6.4,17.2,False,-110,NFL
Davante Adams,2025-11-28,receptions,8.4,24.7,True,100,NFL
Davante Adams,2025-12-05,receptions,8.4,12.0,True,105,NFL
Davante Adams,2025-12-12,receptions,6.3,10.7,False,-110,NFL
Davante Adams,2025-12-19,receptions,8.2,18.5,False,-105,NFL
Saquon Barkley,2025-05-30,rushing_yards,114.2,122.4,False,100,NFL
Saquon Barkley,2025-06-06,rushing_yards,95.8,113.9,False,100,NFL
Saquon Barkley,2025-06-13,rushing_yards,99.9,101.6,False,-105,NFL
Saquon Barkley,2025-06-20,rushing_yards,88.2,123.2,False,-120,NFL
Saquon Barkley,2025-06-27,rushing_yards,99.7,164.7,True,-110,NFL
Saquon Barkley,2025-07-04,rushing_yards,95.0,136.3,True,100,NFL
Saquon Barkley,2025-07-11,rushing_yards,109.5,122.8,False,-105,NFL
Saquon Barkley,2025-07-18,rushing_yards,87.0,93.1,False,105,NFL
Saquon Barkley,2025-07-25,rushing_yards,96.3,177.7,False,-120,NFL
Saquon Barkley,2025-08-01,rushing_yards,118.5,142.4,False,-120,NFL
Saquon Barkley,2025-08-08,rushing_yards,79.5,73.3,False,-115,NFL
Saquon Barkley,2025-08-15,rushing_yards,75.0,77.8,True,-115,NFL
Saquon Barkley,2025-08-22,rushing_yards,89.7,100.0,True,-115,NFL
Saquon Barkley,2025-08-29,rushing_yards,81.3,128.1,True,-120,NFL
Saquon Barkley,2025-09-05,rushing_yards,88.2,91.2,False,-115,NFL
Saquon Barkley,2025-09-12,rushing_yards,115.5,127.1,True,-110,NFL
Saquon Barkley,2025-09-19,rushing_yards,102.9,111.2,True,-110,NFL
Saquon Barkley,2025-09-26,rushing_yards,103.9,152.1,True,-105,NFL
Saquon Barkley,2025-10-03,rushing_yards,115.1,133.0,True,-105,NFL
Saquon Barkley,2025-10-10,rushing_yards,117.2,131.2,False,-115,NFL
Saquon Barkley,2025-10-17,rushing_yards,113.5,165.1,True,-105,NFL
Saquon Barkley,2025-10-24,rushing_yards,105.9,109.3,True,100,NFL
Saquon Barkley,2025-10-31,rushing_yards,96.2,174.1,False,-120,NFL
Saquon Barkley,2025-11-07,rushing_yards,111.2,144.5,True,-115,NFL
Saquon Barkley,2025-11-14,rushing_yards,107.4,160.5,True,-105,NFL
Saquon Barkley,2025-11-21,rushing_yards,99.8,104.2,True,-115,NFL
Saquon Barkley,2025-11-28,rushing_yards,102.6,130.1,False,-115,NFL
Saquon Barkley,2025-12-05,rushing_yards,85.6,97.2,True,-105,NFL
Saquon Barkley,2025-12-12,rushing_yards,105.0,162.1,False,-115,NFL
Saquon Barkley,2025-12-19,rushing_yards,112.8,134.5,True,-120,NFL
Aaron Judge,2025-05-30,home_runs,0.5,2.0,False,-105,MLB
Aaron Judge,2025-06-06,home_runs,0.5,2.0,True,-110,MLB
Aaron Judge,2025-06-13,home_runs,0.5,2.0,True,105,MLB
Aaron Judge,2025-06-20,home_runs,0.5,12.9,False,100,MLB
Aaron Judge,2025-06-27,home_runs,0.5,2.0,True,-120,MLB
Aaron Judge,2025-07-04,home_runs,0.5,-14.1,False,-110,MLB
Aaron Judge,2025-07-11,home_runs,0.5,2.0,False,100,MLB
Aaron Judge,2025-07-18,home_runs,0.5,2.0,True,100,MLB
Aaron Judge,2025-07-25,home_runs,0.5,2.0,False,-105,MLB
Aaron Judge,2025-08-01,home_runs,0.5,8.4,False,-105,MLB
Aaron Judge,2025-08-08,home_runs,0.5,1.0,True,-110,MLB
Aaron Judge,2025-08-15,home_runs,0.5,1.0,False,-105,MLB
Aaron Judge,2025-08-22,home_runs,0.5,8.9,True,105,MLB
Aaron Judge,2025-08-29,home_runs,0.5,11.5,False,100,MLB
Aaron Judge,2025-09-05,home_runs,0.5,9.1,True,-120,MLB
Aaron Judge,2025-09-12,home_runs,0.5,2.0,False,105,MLB
Aaron Judge,2025-09-19,home_runs,0.5,-6.2,True,-105,MLB
Aaron Judge,2025-09-26,home_runs,0.5,1.0,True,105,MLB
Aaron Judge,2025-10-03,home_runs,0.5,2.0,False,-105,MLB
Aaron Judge,2025-10-10,home_runs,0.5,1.0,True,-110,MLB
Aaron Judge,2025-10-17,home_runs,0.5,1.0,True,-120,MLB
Aaron Judge,2025-10-24,home_runs,0.5,0.0,False,-105,MLB
Aaron Judge,2025-10-31,home_runs,0.5,2.0,False,-110,MLB
Aaron Judge,2025-11-07,home_runs,0.5,1.0,False,-115,MLB
Aaron Judge,2025-11-14,home_runs,0.5,2.0,False,-110,MLB
Aaron Judge,2025-11-21,home_runs,0.5,6.7,True,100,MLB
Aaron Judge,2025-11-28,home_runs,0.5,2.0,True,105,MLB
Aaron Judge,2025-12-05,home_runs,0.5,16.3,True,100,MLB
Aaron Judge,2025-12-12,home_runs,0.5,2.0,False,105,MLB
Aaron Judge,2025-12-19,home_runs,0.5,2.0,False,-115,MLB
Mookie Betts,2025-05-30,hits,1.5,2.0,False,105,MLB
Mookie Betts,2025-06-06,hits,1.5,3.0,False,105,MLB
Mookie Betts,2025-06-13,hits,1.5,1.0,True,105,MLB
Mookie Betts,2025-06-20,hits,1.5,15.5,True,-115,MLB
Mookie Betts,2025-06-27,hits,1.5,7.8,True,-115,MLB
Mookie Betts,2025-07-04,hits,1.5,8.5,True,-120,MLB
Mookie Betts,2025-07-11,hits,1.5,0.0,True,105,MLB
Mookie Betts,2025-07-18,hits,1.5,15.6,False,-115,MLB
Mookie Betts,2025-07-25,hits,1.5,2.0,True,100,MLB
Mookie Betts,2025-08-01,hits,1.5,2.7,True,-115,MLB
Mookie Betts,2025-08-08,hits,1.5,3.4,True,100,MLB
Mookie Betts,2025-08-15,hits,1.5,2.0,False,-115,MLB
Mookie Betts,2025-08-22,hits,1.5,12.4,False,-105,MLB
Mookie Betts,2025-08-29,hits,1.5,2.0,True,-105,MLB
Mookie Betts,2025-09-05,hits,1.5,2.0,True,105,MLB
Mookie Betts,2025-09-12,hits,1.5,2.0,False,-110,MLB
Mookie Betts,2025-09-19,hits,1.5,2.0,True,100,MLB
Mookie Betts,2025-09-26,hits,1.5,3.0,False,-110,MLB
Mookie Betts,2025-10-03,hits,1.5,14.8,False,100,MLB
Mookie Betts,2025-10-10,hits,1.5,12.5,True,-115,MLB
Mookie Betts,2025-10-17,hits,1.5,3.0,True,-115,MLB
Mookie Betts,2025-10-24,hits,1.5,2.0,False,-120,MLB
Mookie Betts,2025-10-31,hits,1.5,3.0,True,-105,MLB
Mookie Betts,2025-11-07,hits,1.5,-3.9,True,100,MLB
Mookie Betts,2025-11-14,hits,1.5,4.5,False,-120,MLB
Mookie Betts,2025-11-21,hits,1.5,3.0,False,100,MLB
Mookie Betts,2025-11-28,hits,1.5,21.4,False,-105,MLB
Mookie Betts,2025-12-05,hits,1.5,3.0,False,-105,MLB
Mookie Betts,2025-12-12,hits,1.5,3.0,True,105,MLB
Mookie Betts,2025-12-19,hits,1.5,2.0,True,105,MLB
Ronald Acuña Jr.,2025-05-30,hits,1.5,16.4,False,-105,MLB
Ronald Acuña Jr.,2025-06-06,hits,1.5,-9.4,True,-120,MLB
Ronald Acuña Jr.,2025-06-13,hits,1.5,13.5,True,105,MLB
Ronald Acuña Jr.,2025-06-20,hits,1.5,3.2,False,-120,MLB
Ronald Acuña Jr.,2025-06-27,hits,1.5,4.4,True,100,MLB
Ronald Acuña Jr.,2025-07-04,hits,1.5,-8.6,True,-120,MLB
Ronald Acuña Jr.,2025-07-11,hits,1.5,0.0,True,-120,MLB
Ronald Acuña Jr.,2025-07-18,hits,1.5,16.4,True,105,MLB
Ronald Acuña Jr.,2025-07-25,hits,1.5,1.0,True,-115,MLB
Ronald Acuña Jr.,2025-08-01,hits,1.5,3.0,True,105,MLB
Ronald Acuña Jr.,2025-08-08,hits,1.5,2.0,True,-115,MLB
Ronald Acuña Jr.,2025-08-15,hits,1.5,9.4,False,105,MLB
Ronald Acuña Jr.,2025-08-22,hits,1.5,9.2,False,-115,MLB
Ronald Acuña Jr.,2025-08-29,hits,1.5,-6.4,False,105,MLB
Ronald Acuña Jr.,2025-09-05,hits,1.5,15.5,False,-110,MLB
Ronald Acuña Jr.,2025-09-12,hits,1.5,0.0,True,-110,MLB
Ronald Acuña Jr.,2025-09-19,hits,1.5,1.0,True,-120,MLB
Ronald Acuña Jr.,2025-09-26,hits,1.5,3.0,False,-120,MLB
Ronald Acuña Jr.,2025-10-03,hits,1.5,7.5,True,-105,MLB
Ronald Acuña Jr.,2025-10-10,hits,1.5,2.0,False,100,MLB
Ronald Acuña Jr.,2025-10-17,hits,1.5,3.0,True,-115,MLB
Ronald Acuña Jr.,2025-10-24,hits,1.5,0.0,False,105,MLB
Ronald Acuña Jr.,2025-10-31,hits,1.5,10.3,True,-110,MLB
Ronald Acuña Jr.,2025-11-07,hits,1.5,1.7,False,-110,MLB
Ronald Acuña Jr.,2025-11-14,hits,1.5,6.9,True,-120,MLB
Ronald Acuña Jr.,2025-11-21,hits,1.5,3.0,False,-115,MLB
Ronald Acuña Jr.,2025-11-28,hits,1.5,20.6,True,100,MLB
Ronald Acuña Jr.,2025-12-05,hits,1.5,-7.2,True,-105,MLB
Ronald Acuña Jr.,2025-12-12,hits,1.5,2.0,False,105,MLB
Ronald Acuña Jr.,2025-12-19,hits,1.5,2.0,True,105,MLB
Gerrit Cole,2025-05-30,strikeouts,6.7,15.5,True,-115,MLB
Gerrit Cole,2025-06-06,strikeouts,6.5,13.6,True,105,MLB
Gerrit Cole,2025-06-13,strikeouts,8.8,13.3,False,-120,MLB
Gerrit Cole,2025-06-20,strikeouts,7.3,23.6,False,100,MLB
Gerrit Cole,2025-06-27,strikeouts,6.5,14.0,True,100,MLB
Gerrit Cole,2025-07-04,strikeouts,7.6,25.5,True,-105,MLB
Gerrit Cole,2025-07-11,strikeouts,8.1,25.4,True,100,MLB
Gerrit Cole,2025-07-18,strikeouts,9.0,13.6,False,105,MLB
Gerrit Cole,2025-07-25,strikeouts,8.3,8.7,False,-110,MLB
Gerrit Cole,2025-08-01,strikeouts,6.6,11.7,True,-105,MLB
Gerrit Cole,2025-08-08,strikeouts,8.3,13.0,True,105,MLB
Gerrit Cole,2025-08-15,strikeouts,9.4,-4.1,True,105,MLB
Gerrit Cole,2025-08-22,strikeouts,7.8,-3.6,False,100,MLB
Gerrit Cole,2025-08-29,strikeouts,7.6,9.3,False,-110,MLB
Gerrit Cole,2025-09-05,strikeouts,7.5,8.7,False,-110,MLB
Gerrit Cole,2025-09-12,strikeouts,9.3,11.0,True,-120,MLB
Gerrit Cole,2025-09-19,strikeouts,9.2,24.4,True,100,MLB
Gerrit Cole,2025-09-26,strikeouts,7.0,11.5,True,-115,MLB
Gerrit Cole,2025-10-03,strikeouts,8.4,9.6,True,-115,MLB
Gerrit Cole,2025-10-10,strikeouts,8.8,12.3,False,-115,MLB
Gerrit Cole,2025-10-17,strikeouts,8.5,11.8,False,-115,MLB
Gerrit Cole,2025-10-24,strikeouts,9.2,10.8,False,-105,MLB
Gerrit Cole,2025-10-31,strikeouts,8.0,24.4,False,100,MLB
Gerrit Cole,2025-11-07,strikeouts,8.1,-5.6,True,-110,MLB
Gerrit Cole,2025-11-14,strikeouts,6.9,11.3,False,-105,MLB
Gerrit Cole,2025-11-21,strikeouts,8.3,22.7,False,100,MLB
Gerrit Cole,2025-11-28,strikeouts,8.5,10.1,False,-105,MLB
Gerrit Cole,2025-12-05,strikeouts,8.4,13.9,True,-115,MLB
Gerrit Cole,2025-12-12,strikeouts,8.1,8.5,True,100,MLB
Gerrit Cole,2025-12-19,strikeouts,7.6,8.1,True,-115,MLB
Vladimir Guerrero Jr.,2025-05-30,total_bases,1.6,5.4,True,105,MLB
Vladimir Guerrero Jr.,2025-06-06,total_bases,3.4,4.9,False,-120,MLB
Vladimir Guerrero Jr.,2025-06-13,total_bases,3.1,4.8,True,-115,MLB
Vladimir Guerrero Jr.,2025-06-20,total_bases,2.1,4.6,False,-110,MLB
Vladimir Guerrero Jr.,2025-06-27,total_bases,2.3,5.6,False,-115,MLB
Vladimir Guerrero Jr.,2025-07-04,total_bases,1.6,4.3,False,-110,MLB
Vladimir Guerrero Jr.,2025-07-11,total_bases,2.7,4.9,True,-105,MLB
Vladimir Guerrero Jr.,2025-07-18,total_bases,3.1,4.8,False,-110,MLB
Vladimir Guerrero Jr.,2025-07-25,total_bases,3.1,4.9,True,100,MLB
Vladimir Guerrero Jr.,2025-08-01,total_bases,2.7,13.4,True,-120,MLB
Vladimir Guerrero Jr.,2025-08-08,total_bases,2.3,4.0,True,-115,MLB
Vladimir Guerrero Jr.,2025-08-15,total_bases,3.5,-8.9,False,-120,MLB
Vladimir Guerrero Jr.,2025-08-22,total_bases,3.1,6.3,True,-115,MLB
Vladimir Guerrero Jr.,2025-08-29,total_bases,2.4,9.4,True,-105,MLB
Vladimir Guerrero Jr.,2025-09-05,total_bases,1.8,21.6,False,-115,MLB
Vladimir Guerrero Jr.,2025-09-12,total_bases,2.9,4.9,True,-110,MLB
Vladimir Guerrero Jr.,2025-09-19,total_bases,3.2,16.7,True,-105,MLB
Vladimir Guerrero Jr.,2025-09-26,total_bases,3.2,0.2,True,-115,MLB
Vladimir Guerrero Jr.,2025-10-03,total_bases,2.4,5.1,True,-110,MLB
Vladimir Guerrero Jr.,2025-10-10,total_bases,2.2,6.1,True,-115,MLB
Vladimir Guerrero Jr.,2025-10-17,total_bases,3.2,0.9,True,105,MLB
Vladimir Guerrero Jr.,2025-10-24,total_bases,2.1,0.0,False,100,MLB
Vladimir Guerrero Jr.,2025-10-31,total_bases,2.3,3.4,True,-110,MLB
Vladimir Guerrero Jr.,2025-11-07,total_bases,3.3,9.9,True,-110,MLB
Vladimir Guerrero Jr.,2025-11-14,total_bases,3.4,18.5,False,-115,MLB
Vladimir Guerrero Jr.,2025-11-21,total_bases,1.8,11.2,True,-120,MLB
Vladimir Guerrero Jr.,2025-11-28,total_bases,2.7,4.1,False,-105,MLB
Vladimir Guerrero Jr.,2025-12-05,total_bases,2.7,-1.1,True,105,MLB
Vladimir Guerrero Jr.,2025-12-12,total_bases,2.1,4.7,True,-120,MLB
Vladimir Guerrero Jr.,2025-12-19,total_bases,2.6,2.7,True,105,MLB
Juan Soto,2025-05-30,hits,1.5,3.0,False,-120,MLB
Juan Soto,2025-06-06,hits,1.5,9.2,False,105,MLB
Juan Soto,2025-06-13,hits,1.5,11.7,True,105,MLB
Juan Soto,2025-06-20,hits,1.5,4.3,False,-120,MLB
Juan Soto,2025-06-27,hits,1.5,9.3,False,105,MLB
Juan Soto,2025-07-04,hits,1.5,20.9,False,100,MLB
Juan Soto,2025-07-11,hits,1.5,3.0,True,100,MLB
Juan Soto,2025-07-18,hits,1.5,3.0,True,100,MLB
Juan Soto,2025-07-25,hits,1.5,3.0,False,100,MLB
Juan Soto,2025-08-01,hits,1.5,15.1,False,-120,MLB
Juan Soto,2025-08-08,hits,1.5,6.1,True,105,MLB
Juan Soto,2025-08-15,hits,1.5,5.6,False,-110,MLB
Juan Soto,2025-08-22,hits,1.5,2.0,True,-110,MLB
Juan Soto,2025-08-29,hits,1.5,14.2,True,-120,MLB
Juan Soto,2025-09-05,hits,1.5,2.0,True,-120,MLB
Juan Soto,2025-09-12,hits,1.5,2.0,True,-110,MLB
Juan Soto,2025-09-19,hits,1.5,3.0,False,105,MLB
Juan Soto,2025-09-26,hits,1.5,15.4,True,-120,MLB
Juan Soto,2025-10-03,hits,1.5,16.2,False,100,MLB
Juan Soto,2025-10-10,hits,1.5,3.0,False,100,MLB
Juan Soto,2025-10-17,hits,1.5,2.0,False,-120,MLB
Juan Soto,2025-10-24,hits,1.5,3.0,True,-105,MLB
Juan Soto,2025-10-31,hits,1.5,12.5,True,-110,MLB
Juan Soto,2025-11-07,hits,1.5,16.3,False,105,MLB
Juan Soto,2025-11-14,hits,1.5,12.4,False,105,MLB
Juan Soto,2025-11-21,hits,1.5,6.8,True,-105,MLB
Juan Soto,2025-11-28,hits,1.5,12.5,False,100,MLB
Juan Soto,2025-12-05,hits,1.5,9.1,False,-115,MLB
Juan Soto,2025-12-12,hits,1.5,2.0,False,-105,MLB
Juan Soto,2025-12-19,hits,1.5,3.0,False,100,MLB
Shane Bieber,2025-05-30,strikeouts,9.4,13.7,False,-110,MLB
Shane Bieber,2025-06-06,strikeouts,6.6,10.9,True,-120,MLB
Shane Bieber,2025-06-13,strikeouts,8.5,15.8,True,-105,MLB
Shane Bieber,2025-06-20,strikeouts,6.7,15.2,False,-105,MLB
Shane Bieber,2025-06-27,strikeouts,7.3,7.4,True,100,MLB
Shane Bieber,2025-07-04,strikeouts,8.5,11.2,True,-105,MLB
Shane Bieber,2025-07-11,strikeouts,7.0,19.9,True,-115,MLB
Shane Bieber,2025-07-18,strikeouts,7.1,16.6,False,-110,MLB
Shane Bieber,2025-07-25,strikeouts,8.1,23.2,True,-120,MLB
Shane Bieber,2025-08-01,strikeouts,7.0,11.9,False,-115,MLB
Shane Bieber,2025-08-08,strikeouts,6.7,9.4,True,-115,MLB
Shane Bieber,2025-08-15,strikeouts,7.6,7.8,False,-115,MLB
Shane Bieber,2025-08-22,strikeouts,6.6,26.3,True,-115,MLB
Shane Bieber,2025-08-29,strikeouts,6.6,10.4,True,-120,MLB
Shane Bieber,2025-09-05,strikeouts,6.6,26.2,False,105,MLB
Shane Bieber,2025-09-12,strikeouts,7.3,10.0,True,-105,MLB
Shane Bieber,2025-09-19,strikeouts,6.8,8.3,True,-105,MLB
Shane Bieber,2025-09-26,strikeouts,8.6,22.5,True,-115,MLB
Shane Bieber,2025-10-03,strikeouts,7.5,8.9,False,-105,MLB
Shane Bieber,2025-10-10,strikeouts,7.3,11.6,False,-120,MLB
Shane Bieber,2025-10-17,strikeouts,7.3,11.0,False,100,MLB
Shane Bieber,2025-10-24,strikeouts,7.3,9.9,True,100,MLB
Shane Bieber,2025-10-31,strikeouts,7.6,12.3,True,105,MLB
Shane Bieber,2025-11-07,strikeouts,6.7,6.7,True,-110,MLB
Shane Bieber,2025-11-14,strikeouts,6.7,21.3,True,-120,MLB
Shane Bieber,2025-11-21,strikeouts,6.8,7.0,True,-110,MLB
Shane Bieber,2025-11-28,strikeouts,7.4,18.7,True,-105,MLB
Shane Bieber,2025-12-05,strikeouts,6.7,7.3,True,100,MLB
Shane Bieber,2025-12-12,strikeouts,7.6,10.0,False,-105,MLB
Shane Bieber,2025-12-19,strikeouts,6.9,9.5,True,-110,MLB
